ID,N,mean,sd,%1day,%2day,%3day
1,50,9.210340372,1,90,30,10
2,100,9.210340372,1,90,30,10
3,500,9.210340372,1,90,30,10
4,50,10.81977828,1,90,30,10
5,100,10.81977828,1,90,30,10
6,500,10.81977828,1,90,30,10
7,50,11.51292546,1,90,30,10
8,100,11.51292546,1,90,30,10
9,500,11.51292546,1,90,30,10
